0101;Pasta de Tomates Secos al Malbec;JUCAMAR;1;8.900;8.900;470;Transferencia (-5%);;
0060;Molinillo Automtico Mix Pimienta;DANKON;1;42.800;42.800;2.250;Transferencia (-5%);;
0029;Salsa Pepper Sauce Original;DANKON;1;10.900;10.900;575;Transferencia (-5%);;
0131;Hojas de Parra;JUCAMAR;1;12.000;12.000;630;Transferencia (-5%);;
0133;Jalea de Membrillo;JUCAMAR;1;7.900;7.900;415;Transferencia (-5%);;
0053;sazon fajita;DANKON;1;8.400;8.400;440;Transferencia (-5%);;
0100;Pasta Aceitunas Negras con Roquefort;JUCAMAR;1;8.900;8.900;470;Transferencia (-5%);;
0023;Langostinos al Ajillo;DANKON;1;13.600;13.600;1.510;Efectivo (-10%);;se cobr por error 12.100
0080;Limonada Orgnica c/Jengibre y Miel;DANKON;1;4.400;4.400;490;Efectivo (-10%);;
0189;Simonassi Roble Malbec;VINOS;1;10.800;10.800;1.200;Efectivo (-10%);;
0123;Aceitunas Verdes Rellenas c/Almendras;JUCAMAR;1;8.500;8.500;940;Efectivo (-10%);;
0072;Pistacho con Chocolate Leche;DANKON;1;10.800;10.800;1.200;Efectivo (-10%);;
0096;Jalea Picante Maracuy;JUCAMAR;1;8.100;8.100;900;Efectivo (-10%);;
0084;Halawa Pistacho;DANKON;1;18.000;18.000;2.000;Efectivo (-10%);;
0122;Aceitunas Negras Griegas Preparadas;JUCAMAR;1;9.100;9.100;1.010;Efectivo (-10%);;
0085;Aceitunas confitadas c/almendras;JUCAMAR;1;9.200;9.200;1.020;Efectivo (-10%);;
0001;Trucha Ahumada al Natural;DANKON;1;12.100;12.100;635;Transferencia (-5%);;
0071;Trufas 70% Chocolate;DANKON;1;11.700;11.700;1.300;Efectivo (-10%);;
0057;Azafrn Molido Puro;DANKON;1;3.200;3.200;350;Efectivo (-10%);;
0006;Ciervo en Escabeche;DANKON;1;12.900;12.900;1.430;Efectivo (-10%);;
0132;Dulce de Leche Artesanal;JUCAMAR;1;11.000;11.000;1.220;Efectivo (-10%);;
0025;Aderezo Caesar;DANKON;1;5.700;5.700;630;Efectivo (-10%);;
0073;Arndano Chocolate Negro;DANKON;1;10.800;10.800;1.200;Efectivo (-10%);;
0044;Risotto Porcini;DANKON;1;8.400;8.400;443;Transferencia (-5%);;
0164;Mix Frutos Secos al Vaco;FINCA LA AGUADA;1;14.700;14.700;1.630;Efectivo (-10%);;
0171;Arndanos Secos 250 g;NUTRIDIET;1;5.000;5.000;550;Efectivo (-10%);;
0126;Aceitunas Verdes Rellenas c/Salame;JUCAMAR;1;8.900;8.900;470;Transferencia (-5%);;
0106;Quesitos Saborizados;JUCAMAR;1;8.900;8.900;470;Transferencia (-5%);;
0175;Garbanzos Fritos Original;NUTRIDIET;1;2.400;2.400;125;Transferencia (-5%);;
0121;Aceite de pepitas de uva;JUCAMAR;1;21.300;21.300;1.120;Transferencia (-5%);;
0089;Berenjenas Asadas al Tomillo en Oliva;JUCAMAR;1;8.100;8.100;900;Efectivo (-10%);;
0107;Tomates Secos al Malbec en Aceite;JUCAMAR;1;8.500;8.500;940;Efectivo (-10%);;
0094;Grgolas en Aceite de Oliva;JUCAMAR;1;11.200;11.200;590;Transferencia (-5%);;
0088;Crema de Ajo Negro;JUCAMAR;1;9.300;9.300;490;Transferencia (-5%);;
0105;Tapenade (Pasta Ac. Negras c/Anchoas);JUCAMAR;1;8.900;8.900;470;Transferencia (-5%);;
0013;Mostaza Dijon GP;DANKON;1;8.600;8.600;455;Transferencia (-5%);;
0177;Dos Makilas Malbec;VINOS;1;7.100;7.100;375;Transferencia (-5%);;
0166;Dulce de Membrillo 12u?40g;FINCA LA AGUADA;1;7.600;7.600;400;Transferencia (-5%);;
0087;Aros de Jalapeo;JUCAMAR;1;9.300;9.300;490;Transferencia (-5%);;
0093;Grgolas en Escabeche;JUCAMAR;1;11.200;11.200;590;Transferencia (-5%);;
0031;Salsa Jalapea;DANKON;1;10.000;10.000;525;Transferencia (-5%);;
0108;Pasta Ac. Verdes con Pistacho;JUCAMAR;1;8.500;8.500;940;Efectivo (-10%);;
0110;Hummus;JUCAMAR;1;8.500;8.500;940;Efectivo (-10%);;
0135;Mermelada Diet Frutilla (apta diabticos);JUCAMAR;1;8.500;8.500;940;Efectivo (-10%);;
0098;Pasta Picante de Morrones;JUCAMAR;1;8.100;8.100;900;Efectivo (-10%);;*caja
0153;Manjar Mendocino;JUCAMAR;1;11.300;11.300;1.260;Efectivo (-10%);;*caja
0128;Aceitunas Verdes Rellenas c/Tomate;JUCAMAR;1;8.500;8.500;940;Efectivo (-10%);;*caja
0184;Argana Pinot Noir;VINOS;1;10.700;10.700;1.190;Efectivo (-10%);;*caja se facturo total $40.000
0185;Argana Cabernet Franc;VINOS;1;15.100;15.100;1.680;Efectivo (-10%);;*caja
0156;RUMTOPF (cerezas al ron 1 ao);JUCAMAR;1;11.300;11.300;1.260;Efectivo (-10%);;*caja
0182;Makila Reserva Blend;VINOS;2;12.200;24.400;2.700;Efectivo (-10%);;
0181;Makila Reserva Malbec;VINOS;1;12.800;12.800;675;Transferencia (-5%);;
0049;Lima Pepper;DANKON;1;13.500;13.500;1.500;Efectivo (-10%);;
0050;Pimienta Roja Cayenna;DANKON;1;10.700;10.700;1.190;Efectivo (-10%);;
0048;Lemon Pepper;DANKON;1;13.500;13.500;1.500;Efectivo (-10%);;
0054;Eneldo;DANKON;2;7.900;15.800;1.760;Efectivo (-10%);;
0115;Sal Marina de Malbec;JUCAMAR;1;8.100;8.100;900;Efectivo (-10%);;
0111;Caviar de Mostaza;JUCAMAR;1;8.600;8.600;960;Efectivo (-10%);;
0198;Abismal Malbec;VINOS;1;10.500;10.500;0;Tarjeta/Dbito;;
0169;Castaas de Caj w4 250g;NUTRIDIET;1;6.600;6.600;350;Transferencia (-5%);;
0137;Mermelada de Damasco al Sol;JUCAMAR;1;6.600;6.600;350;Transferencia (-5%);;
0114;Sal Marina de Mandarina;JUCAMAR;1;8.600;8.600;450;Transferencia (-5%);;
0157;AOVE Extra Virgen Vidrio 500ml;FINCA LA AGUADA;1;18.200;18.200;960;Transferencia (-5%);;
0172;Aceite de Coco Neutro 200g;NUTRIDIET;1;4.800;4.800;530;Efectivo (-10%);;
0136;Mermelada Diet Damasco (apta diabticos);JUCAMAR;1;8.500;8.500;940;Efectivo (-10%);; 
0139;Mermelada de Frambuesa al Sol;JUCAMAR;1;9.200;9.200;1.020;Efectivo (-10%);;
0159;AOVE Extra Virgen PET 2L;FINCA LA AGUADA;1;52.200;52.200;2.750;Transferencia (-5%);;
0168;Pistacho Pelado Natural 200g;NUTRIDIET;1;15.800;15.800;1.750;Efectivo (-10%);;
0170;Dtiles de Argelia s/carozo 250g;NUTRIDIET;1;6.200;6.200;325;Transferencia (-5%);;
0218;Salsa Cesar Alcaraz;ALCARAZ;1;8.100;8.100;425;Transferencia (-5%);;
0209;Mostaza Dijon Alcaraz;ALCARAZ;1;7.650;7.650;850;Efectivo (-10%);;
0162;Nueces Mix Blancas al Vaco;FINCA LA AGUADA;1;16.000;16.000;840;Transferencia (-5%);;
0021;Alcaparras en Vinagre;DANKON;1;6.500;6.500;720;Efectivo (-10%);;
0036;Passata Di Pomodoro;DANKON;1;10.800;10.800;570;Transferencia (-5%);;
0143;Mermelada Inglesa (naranja/limn);JUCAMAR;1;8.100;8.100;900;Efectivo (-10%);;
0210;Mostaza en granos con miel;ALCARAZ;1;6.700;6.700;740;Efectivo (-10%);;
0201;Berenjenas en escabeche;ALCARAZ;1;7.000;7.000;370;Transferencia (-5%);;
